insert into conductor (id_conductor, name, cedula, telefono, direccion) values (-1, 'Conductor1', 'Cedula1', 'Telefono1', 'Direccion1');
insert into conductor (id_conductor, name, cedula, telefono, direccion) values (-2, 'Conductor2', 'Cedula2', 'Telefono2', 'Direccion2');
insert into conductor (id_conductor, name, cedula, telefono, direccion) values (-3, 'Conductor3', 'Cedula3', 'Telefono3', 'Direccion3');
insert into conductor (id_conductor, name, cedula, telefono, direccion) values (-4, 'Conductor4', 'Cedula4', 'Telefono4', 'Direccion4');
insert into conductor (id_conductor, name, cedula, telefono, direccion) values (-5, 'Conductor5', 'Cedula5', 'Telefono5', 'Direccion5');
insert into conductor (id_conductor, name, cedula, telefono, direccion) values (-6, 'Conductor6', 'Cedula6', 'Telefono6', 'Direccion6');

insert into bus (id_bus, placa, modelo) values (-1, 'Placa1', 'Modelo1');
insert into bus (id_bus, placa, modelo) values (-2, 'Placa2', 'Modelo2');
insert into bus (id_bus, placa, modelo) values (-3, 'Placa3', 'Modelo3');
insert into bus (id_bus, placa, modelo) values (-4, 'Placa4', 'Modelo4');
insert into bus (id_bus, placa, modelo) values (-5, 'Placa5', 'Modelo5');
insert into bus (id_bus, placa, modelo) values (-6, 'Placa6', 'Modelo6');
insert into bus (id_bus, placa, modelo) values (-7, 'Placa7', 'Modelo7');
insert into bus (id_bus, placa, modelo) values (-8, 'Placa8', 'Modelo8');
insert into bus (id_bus, placa, modelo) values (-9, 'Placa9', 'Modelo9');
insert into bus (id_bus, placa, modelo) values (-10, 'Placa10', 'Modelo10');

insert into conductorxbus (dia_asignacion, conductor_id_id_conductor, bus_id_id_bus) values ('Lunes', -1, -1);
insert into conductorxbus (dia_asignacion, conductor_id_id_conductor, bus_id_id_bus) values ('Lunes', -1, -4);
insert into conductorxbus (dia_asignacion, conductor_id_id_conductor, bus_id_id_bus) values ('Martes', -2, -6);
insert into conductorxbus (dia_asignacion, conductor_id_id_conductor, bus_id_id_bus) values ('Lunes', -2, -3);
insert into conductorxbus (dia_asignacion, conductor_id_id_conductor, bus_id_id_bus) values ('Miercoles', -3, -7);
insert into conductorxbus (dia_asignacion, conductor_id_id_conductor, bus_id_id_bus) values ('Miercoles', -3, -9);
insert into conductorxbus (dia_asignacion, conductor_id_id_conductor, bus_id_id_bus) values ('Lunes', -4, -10);
insert into conductorxbus (dia_asignacion, conductor_id_id_conductor, bus_id_id_bus) values ('Jueves', -4, -9);
insert into conductorxbus (dia_asignacion, conductor_id_id_conductor, bus_id_id_bus) values ('Viernes', -5, -2);
insert into conductorxbus (dia_asignacion, conductor_id_id_conductor, bus_id_id_bus) values ('Sabado', -6, -8);

insert into estacion (id_estacion, nombre) values (-1, 'Estacion1');
insert into estacion (id_estacion, nombre) values (-2, 'Estacion2');
insert into estacion (id_estacion, nombre) values (-3, 'Estacion3');
insert into estacion (id_estacion, nombre) values (-4, 'Estacion4');
insert into estacion (id_estacion, nombre) values (-5, 'Estacion5');
insert into estacion (id_estacion, nombre) values (-6, 'Estacion6');
insert into estacion (id_estacion, nombre) values (-7, 'Estacion7');
insert into estacion (id_estacion, nombre) values (-8, 'Estacion8');
insert into estacion (id_estacion, nombre) values (-9, 'Estacion9');
insert into estacion (id_estacion, nombre) values (-10, 'Estacion10');

insert into ruta (id_ruta, name) values (-1, 'Ruta1');
insert into ruta (id_ruta, name) values (-2, 'Ruta2');
insert into ruta (id_ruta, name) values (-3, 'Ruta3');
insert into ruta (id_ruta, name) values (-4, 'Ruta4');
insert into ruta (id_ruta, name) values (-5, 'Ruta5');
insert into ruta (id_ruta, name) values (-6, 'Ruta6');
insert into ruta (id_ruta, name) values (-7, 'Ruta7');
insert into ruta (id_ruta, name) values (-8, 'Ruta8');
insert into ruta (id_ruta, name) values (-9, 'Ruta9');
insert into ruta (id_ruta, name) values (-10, 'Ruta10');

insert into ruta_estaciones (ruta_id_ruta, estaciones_id_estacion) values(-1, -3);
insert into ruta_estaciones (ruta_id_ruta, estaciones_id_estacion) values(-1, -2);
insert into ruta_estaciones (ruta_id_ruta, estaciones_id_estacion) values(-1, -5);
insert into ruta_estaciones (ruta_id_ruta, estaciones_id_estacion) values(-2, -6);
insert into ruta_estaciones (ruta_id_ruta, estaciones_id_estacion) values(-2, -4);
insert into ruta_estaciones (ruta_id_ruta, estaciones_id_estacion) values(-2, -3);
insert into ruta_estaciones (ruta_id_ruta, estaciones_id_estacion) values(-3, -1);
insert into ruta_estaciones (ruta_id_ruta, estaciones_id_estacion) values(-3, -5);
insert into ruta_estaciones (ruta_id_ruta, estaciones_id_estacion) values(-3, -6);
insert into ruta_estaciones (ruta_id_ruta, estaciones_id_estacion) values(-3, -8);
insert into ruta_estaciones (ruta_id_ruta, estaciones_id_estacion) values(-4, -7);
insert into ruta_estaciones (ruta_id_ruta, estaciones_id_estacion) values(-4, -10);
insert into ruta_estaciones (ruta_id_ruta, estaciones_id_estacion) values(-4, -2);
insert into ruta_estaciones (ruta_id_ruta, estaciones_id_estacion) values(-4, -5);
insert into ruta_estaciones (ruta_id_ruta, estaciones_id_estacion) values(-5, -6);
insert into ruta_estaciones (ruta_id_ruta, estaciones_id_estacion) values(-5, -8);
insert into ruta_estaciones (ruta_id_ruta, estaciones_id_estacion) values(-6, -7);
insert into ruta_estaciones (ruta_id_ruta, estaciones_id_estacion) values(-6, -1);
insert into ruta_estaciones (ruta_id_ruta, estaciones_id_estacion) values(-7, -1);
insert into ruta_estaciones (ruta_id_ruta, estaciones_id_estacion) values(-8, -2);
insert into ruta_estaciones (ruta_id_ruta, estaciones_id_estacion) values(-9, -7);
insert into ruta_estaciones (ruta_id_ruta, estaciones_id_estacion) values(-9, -6);
insert into ruta_estaciones (ruta_id_ruta, estaciones_id_estacion) values(-9, -5);
insert into ruta_estaciones (ruta_id_ruta, estaciones_id_estacion) values(-10, -4);
